{"cameraMode":{"drawMode":0,"name":"Shaded","section":"Shading Mode"},"sceneLighting":false,"audioPlay":false,"sceneViewState":{"m_AlwaysRefresh":false,"showFog":true,"showSkybox":false,"showFlares":true,"showImageEffects":true,"showParticleSystems":true,"showVisualEffectGraphs":true,"m_FxEnabled":true},"in2DMode":false,"pivot":{"x":-0.13302457332611085,"y":-0.03817903995513916,"z":-0.12595289945602418},"rotation":{"x":-0.2834811508655548,"y":0.46574631333351138,"z":-0.16047526895999909,"w":-0.822770893573761},"size":1.2674236297607422,"orthographic":false}