{"cameraMode":{"drawMode":0,"name":"Shaded","section":"Shading Mode"},"sceneLighting":true,"audioPlay":false,"sceneViewState":{"m_AlwaysRefresh":false,"showFog":true,"showSkybox":true,"showFlares":true,"showImageEffects":true,"showParticleSystems":true,"showVisualEffectGraphs":true,"m_FxEnabled":true},"in2DMode":false,"pivot":{"x":11.707533836364746,"y":-53.22475814819336,"z":99.97515106201172},"rotation":{"x":-0.22469620406627656,"y":-0.03594644367694855,"z":0.008296651765704155,"w":-0.9736505746841431},"size":65.75662231445313,"orthographic":false}