{"cameraMode":{"drawMode":0,"name":"Shaded","section":"Shading Mode"},"sceneLighting":false,"audioPlay":false,"sceneViewState":{"m_AlwaysRefresh":false,"showFog":true,"showSkybox":false,"showFlares":true,"showImageEffects":true,"showParticleSystems":true,"showVisualEffectGraphs":true,"m_FxEnabled":true},"in2DMode":false,"pivot":{"x":-8.33339786529541,"y":-0.21988630294799806,"z":2.0209555625915529},"rotation":{"x":-0.5205914974212647,"y":-0.06467069685459137,"z":0.039597392082214358,"w":-0.8504286408424377},"size":2.6180341243743898,"orthographic":false}