{"cameraMode":{"drawMode":0,"name":"Shaded","section":"Shading Mode"},"sceneLighting":true,"audioPlay":false,"sceneViewState":{"m_AlwaysRefresh":false,"showFog":true,"showSkybox":true,"showFlares":true,"showImageEffects":true,"showParticleSystems":true,"showVisualEffectGraphs":true,"m_FxEnabled":true},"in2DMode":false,"pivot":{"x":645.6963500976563,"y":2.4560158252716066,"z":998.493408203125},"rotation":{"x":-0.002808161312714219,"y":-0.9640743136405945,"z":0.2655799388885498,"w":-0.009816904552280903},"size":2.9067320823669435,"orthographic":false}