{"cameraMode":{"drawMode":0,"name":"Shaded","section":"Shading Mode"},"sceneLighting":true,"audioPlay":false,"sceneViewState":{"m_AlwaysRefresh":false,"showFog":true,"showSkybox":true,"showFlares":true,"showImageEffects":true,"showParticleSystems":true,"showVisualEffectGraphs":true,"m_FxEnabled":true},"in2DMode":false,"pivot":{"x":-8.583019256591797,"y":0.1837865114212036,"z":2.846475124359131},"rotation":{"x":-0.5461812615394592,"y":0.001755962730385363,"z":-0.0011446579592302442,"w":-0.8376504182815552},"size":2.9591784477233888,"orthographic":false}